#matrix,i,j,value
c,0,0,1.0569303946000002
c,0,1,0.4312576492529999
c,0,2,0.6205629300850001
c,0,3,1.638041739235
c,1,0,0.84037700879
c,1,1,0.555157797258
c,1,2,1.042063752295
c,1,3,1.119564330949
c,2,0,1.339397006095
c,2,1,0.579072797439
c,2,2,0.9633766134999999
c,2,3,2.10614545855
c,3,0,0.7718749383950001
c,3,1,0.284082781581
c,3,2,0.529843533835
c,3,3,1.3021295746930002
