#matrix,i,j,value
a,0,0,0.731596
a,0,1,0.648395
a,0,2,0.128960
a,0,3,0.296012
a,1,0,0.238391
a,1,1,0.081330
a,1,2,0.921909
a,1,3,0.262762
a,2,0,0.871033
a,2,1,0.528725
a,2,2,0.425810
a,2,3,0.599366
a,3,0,0.457714
a,3,1,0.185933
a,3,2,0.219159
a,3,3,0.653862
b,0,0,0.502913
b,0,1,0.172218
b,0,2,0.301253
b,0,3,0.960603
b,1,0,0.755052
b,1,1,0.349203
b,1,2,0.343507
b,1,3,0.931625
b,2,0,0.597015
b,2,1,0.514860
b,2,2,0.971970
b,2,3,0.644996
b,3,0,0.413626
b,3,1,0.042045
b,3,2,0.175986
b,3,3,0.837901
